,Dataset,alpha,acc,qwk,precision_0,recall_0,fbeta_score_0,precision_1,recall_1,fbeta_score_1,precision_2,recall_2,fbeta_score_2,precision_3,recall_3,fbeta_score_3,precision_4,recall_4,fbeta_score_4
RUS-1,RUS,1,0.7933243927879601,0.9056079280009821,0.7188612099644128,0.4,0.5139949109414759,0.6096590909090909,0.8766339869281046,0.7191689008042896,0.362962962962963,0.11060948081264109,0.16955017301038064,0.2948717948717949,0.09330628803245436,0.14175654853620956,0.9029458780543503,0.9772614928324271,0.9386350148367952
TL_SMT-0.3,TL_SMT,0.3,0.7563701385784533,0.8893929002774457,0.4169611307420495,0.9346534653465347,0.5766646304215028,0.648936170212766,0.4485294117647059,0.5304347826086956,0.3763440860215054,0.07900677200902935,0.13059701492537315,0.0,0.0,0.0,0.8663793103448276,0.9935739001482946,0.9256274464655767
OG-0.7,OG,0.7,0.7703769929965728,0.8798721808211711,0.0,0.0,0.0,0.5409683426443203,0.9493464052287581,0.6892052194543298,0.0,0.0,0.0,0.0,0.0,0.0,0.8791401623162974,0.990608007909046,0.9315514235909355
NCR-0.1,NCR,0.1,0.6028907763373565,0.0,0.0,0.0,0.0,0.0,0.0,0.0,0.0,0.0,0.0,0.0,0.0,0.0,0.6028907763373565,1.0,0.752254346007251
NCR-0.8,NCR,0.8,0.7723141111607809,0.8864718687161421,0.0,0.0,0.0,0.5472143531633616,0.9468954248366013,0.6935966487133453,0.34782608695652173,0.03611738148984198,0.06543967280163598,0.31746031746031744,0.04056795131845842,0.07194244604316546,0.8893844781445138,0.9856648541769649,0.935052754982415
CNN-0.6,CNN,0.6,0.7670987930263746,0.9071796731292393,0.7037037037037037,0.4514851485148515,0.5500603136308806,0.6177156177156177,0.8660130718954249,0.7210884353741496,0.3333333333333333,0.14221218961625282,0.19936708860759492,0.23378839590443687,0.2778904665314402,0.25393883225208524,0.9394250513347022,0.9045971329708354,0.9216821959204231
RUS_SMT-0.8,RUS_SMT,0.8,0.7696319475488005,0.9133746458043692,0.4594882729211087,0.8534653465346534,0.5973665973665974,0.676378772112383,0.5310457516339869,0.5949656750572083,0.33653846153846156,0.23702031602708803,0.2781456953642384,0.2916666666666667,0.12778904665314403,0.17771509167842034,0.9140989729225023,0.967869500741473,0.9402160864345738
OG-0.1,OG,0.1,0.6028907763373565,0.0,0.0,0.0,0.0,0.0,0.0,0.0,0.0,0.0,0.0,0.0,0.0,0.0,0.6028907763373565,1.0,0.752254346007251
OG-0.3,OG,0.3,0.7700789748174639,0.8756232796002152,0.0,0.0,0.0,0.5612395474667978,0.9321895424836601,0.7006447651212773,0.0,0.0,0.0,0.0,0.0,0.0,0.860837964942283,0.995304003954523,0.9232003668042184
RUS-0.4,RUS,0.4,0.7700789748174639,0.8770022456270806,0.0,0.0,0.0,0.5448989186647861,0.9468954248366013,0.6917338108027454,0.0,0.0,0.0,0.0,0.0,0.0,0.8745636998254799,0.99085516559565,0.9290845886442641
NCR_SMT-1,NCR_SMT,1,0.7779764565638504,0.9177440656883603,0.5031525851197982,0.7900990099009901,0.6147919876733435,0.7044776119402985,0.5784313725490197,0.6352624495289368,0.33413461538461536,0.31376975169300225,0.3236321303841676,0.2939189189189189,0.17647058823529413,0.220532319391635,0.9254939300166627,0.9609490855165596,0.9428883230265552
NCR_SMT-0.9,NCR_SMT,0.9,0.7705260020861272,0.9127026754612648,0.4639397201291712,0.8534653465346534,0.601115760111576,0.6780185758513931,0.5367647058823529,0.5991792065663474,0.32792207792207795,0.22799097065462753,0.2689747003994674,0.297029702970297,0.12170385395537525,0.17266187050359713,0.9114571229374855,0.9693524468610973,0.9395137142172716
TL_SMT-0.4,TL_SMT,0.4,0.7560721203993443,0.8967445677811,0.40613718411552346,0.8910891089108911,0.5579665220086795,0.6439306358381502,0.4550653594771242,0.5332695069411202,0.31390134529147984,0.1580135440180587,0.21021021021021022,0.3333333333333333,0.012170385395537525,0.023483365949119372,0.8874805425839448,0.986406327236777,0.9343322018026453
TL_SMT-0.8,TL_SMT,0.8,0.7700789748174639,0.9120285961587371,0.46153846153846156,0.8554455445544554,0.5995836224843859,0.6739356178608515,0.5302287581699346,0.593507087334248,0.3300653594771242,0.22799097065462753,0.2696929238985314,0.29239766081871343,0.10141987829614604,0.1506024096385542,0.9079584775086506,0.9728126544735541,0.9392673905261902
TL-0.5,TL,0.5,0.7700789748174639,0.8770022456270806,0.0,0.0,0.0,0.5448989186647861,0.9468954248366013,0.6917338108027454,0.0,0.0,0.0,0.0,0.0,0.0,0.8745636998254799,0.99085516559565,0.9290845886442641
NCR_SMT-0.4,NCR_SMT,0.4,0.7565191476680078,0.8966148847357869,0.4107468123861566,0.8930693069306931,0.562694946974423,0.642939150401837,0.45751633986928103,0.5346062052505967,0.31555555555555553,0.16027088036117382,0.2125748502994012,0.0,0.0,0.0,0.884436572946646,0.9873949579831933,0.9330841994628051
SMT-0.5,SMT,0.5,0.7609894203546417,0.9027323730504286,0.42016806722689076,0.8910891089108911,0.5710659898477157,0.6591166477916195,0.47549019607843135,0.5524442335073564,0.32217573221757323,0.17381489841986456,0.22580645161290322,0.27835051546391754,0.05476673427991886,0.09152542372881356,0.8982130739651663,0.981463173504696,0.9379945671430259
RUS-0,RUS,0,0.6028907763373565,0.0,0.0,0.0,0.0,0.0,0.0,0.0,0.0,0.0,0.0,0.0,0.0,0.0,0.6028907763373565,1.0,0.752254346007251
RUS-0.9,RUS,0.9,0.7840858292355833,0.8966084088933607,0.8207547169811321,0.17227722772277226,0.2847790507364975,0.5749872902897813,0.9240196078431373,0.7088686931996239,0.36633663366336633,0.0835214446952596,0.1360294117647059,0.3185840707964602,0.07302231237322515,0.1188118811881188,0.8976039783001808,0.981463173504696,0.9376623376623376
TL-0.7,TL,0.7,0.7709730293547906,0.8800195245554625,0.0,0.0,0.0,0.5414928140936486,0.954248366013072,0.6909198461993494,0.0,0.0,0.0,0.0,0.0,0.0,0.8796662274923145,0.9901136925358379,0.9316279069767442
NCR_SMT-0.2,NCR_SMT,0.2,0.7489196841007302,0.8782465029243475,0.4010647737355812,0.8950495049504951,0.553921568627451,0.6573170731707317,0.440359477124183,0.5273972602739725,0.0,0.0,0.0,0.0,0.0,0.0,0.8469773299748111,0.9972812654473554,0.9160045402951192
OG-0,OG,0,0.6028907763373565,0.0,0.0,0.0,0.0,0.0,0.0,0.0,0.0,0.0,0.0,0.0,0.0,0.0,0.6028907763373565,1.0,0.752254346007251
CNN-0.8,CNN,0.8,0.7691849202801371,0.9076707689016892,0.7018072289156626,0.4613861386138614,0.5567502986857825,0.6189917936694022,0.8627450980392157,0.7208191126279865,0.3403141361256545,0.14672686230248308,0.2050473186119874,0.2381786339754816,0.27586206896551724,0.2556390977443609,0.9388903093837894,0.907563025210084,0.9229609149176825
TL_SMT-1,TL_SMT,1,0.7778274474742959,0.9172042118542545,0.5006289308176101,0.7881188118811882,0.6123076923076923,0.704,0.5751633986928104,0.6330935251798561,0.3357142857142857,0.3182844243792325,0.32676709154113553,0.29454545454545455,0.1643002028397566,0.21093750000000003,0.9230040274816395,0.962926347009392,0.9425426394097013
RUS-0.7,RUS,0.7,0.771420056623454,0.8827817488572229,0.0,0.0,0.0,0.5416666666666666,0.9558823529411765,0.6914893617021276,0.4,0.004514672686230248,0.008928571428571428,0.2727272727272727,0.012170385395537525,0.02330097087378641,0.8839522546419099,0.9883835887296095,0.9332555425904318
TL_SMT-0.9,TL_SMT,0.9,0.7718670838921174,0.912845424919039,0.4658721560130011,0.8514851485148515,0.6022408963585434,0.6817248459958932,0.5424836601307189,0.6041856232939035,0.3300970873786408,0.23024830699774265,0.2712765957446809,0.305,0.12373225152129817,0.17604617604617603,0.9112659698025551,0.9695996045477014,0.9395282002155431
CNN-0,CNN,0,0.5718968857100283,0.8009388472012409,0.8333333333333334,0.009900990099009901,0.019569471624266147,0.4899466557242511,0.9754901960784313,0.6522807975962851,0.35,0.01580135440180587,0.03023758099352052,0.1272929405225125,0.4645030425963489,0.19982547993019198,0.9812168231931401,0.5939199209095403,0.7399538106235565
TL_SMT-0.2,TL_SMT,0.2,0.7486216659216213,0.8764482501154601,0.40160284951024044,0.8930693069306931,0.5540540540540541,0.6670807453416149,0.4387254901960784,0.5293247905372105,0.0,0.0,0.0,0.0,0.0,0.0,0.8438218691197993,0.9975284231339595,0.9142598255748103
TL-0.4,TL,0.4,0.7688869021010282,0.8716093434558536,0.0,0.0,0.0,0.5637450199203188,0.9248366013071896,0.7004950495049505,0.0,0.0,0.0,0.0,0.0,0.0,0.8564745906867957,0.995551161641127,0.9207909475368613
CNN-0.4,CNN,0.4,0.761436447623305,0.9057773703061551,0.7047619047619048,0.4396039603960396,0.5414634146341464,0.6137413394919169,0.8684640522875817,0.7192151556156969,0.32065217391304346,0.13318284424379231,0.18819776714513556,0.22698412698412698,0.29006085192697767,0.2546749777382012,0.941038961038961,0.8954522985664854,0.9176798378926039
SMT-0.4,SMT,0.4,0.7592013112799881,0.8970095654213203,0.41535615171137835,0.8891089108910891,0.5662042875157629,0.6497747747747747,0.4714052287581699,0.5464015151515151,0.3185840707964602,0.16252821670428894,0.21524663677130046,0.2857142857142857,0.004056795131845842,0.007999999999999998,0.8860057662452872,0.9873949579831933,0.9339567504383401
OG-0.6,OG,0.6,0.7699299657279094,0.8768048825594494,0.0,0.0,0.0,0.5443870361672146,0.9468954248366013,0.6913212048911421,0.0,0.0,0.0,0.0,0.0,0.0,0.8747271933653427,0.990608007909046,0.9290681502086232
CNN-0.7,CNN,0.7,0.7687378930114737,0.9075968516283308,0.7042682926829268,0.45742574257425744,0.5546218487394958,0.6189362945645821,0.8651960784313726,0.7216354344122657,0.34210526315789475,0.14672686230248308,0.20537124802527648,0.2361111111111111,0.27586206896551724,0.25444340505144997,0.9390681003584229,0.9065743944636678,0.9225352112676057
SMT-0.7,SMT,0.7,0.7705260020861272,0.9106123879267046,0.45771670190274844,0.8574257425742574,0.596829772570641,0.6732984293193718,0.5253267973856209,0.5901789811840293,0.33,0.2234762979683973,0.26648721399730824,0.30158730158730157,0.07707910750507099,0.12277867528271405,0.9028284671532847,0.9782501235788433,0.9390272835112693
TL-0.8,TL,0.8,0.7717180748025629,0.8860166020808371,0.0,0.0,0.0,0.5472589792060492,0.946078431372549,0.6934131736526946,0.3333333333333333,0.03611738148984198,0.06517311608961303,0.28846153846153844,0.030425963488843813,0.05504587155963303,0.8876529477196885,0.986159169550173,0.9343168247277837
RUS_SMT-0.7,RUS_SMT,0.7,0.7696319475488005,0.9125626254170841,0.4576271186440678,0.8554455445544554,0.5962732919254659,0.6736401673640168,0.5261437908496732,0.5908256880733945,0.33762057877813506,0.23702031602708803,0.27851458885941643,0.3005181347150259,0.11764705882352941,0.16909620991253646,0.9115393545391224,0.9703410776075136,0.9400215491440201
OG-0.2,OG,0.2,0.7636715839666219,0.8558399643912378,0.0,0.0,0.0,0.5928767123287672,0.8839869281045751,0.709740898655297,0.0,0.0,0.0,0.0,0.0,0.0,0.8274662300450266,0.9992585269401878,0.9052843708016121
TL-0.6,TL,0.6,0.7705260020861272,0.8781833438567477,0.0,0.0,0.0,0.5452414439756212,0.9501633986928104,0.6928805481084301,0.0,0.0,0.0,0.0,0.0,0.0,0.8754914809960681,0.990608007909046,0.9294990723562152
CNN-0.2,CNN,0.2,0.7347638205930562,0.8986719770307825,0.7243816254416962,0.40594059405940597,0.5203045685279187,0.6077658975801913,0.8823529411764706,0.7197600799733422,0.3236994219653179,0.12641083521444696,0.18181818181818182,0.18654073199527746,0.3204868154158215,0.23582089552238805,0.9451941613880473,0.8482451804251112,0.8940992575224698
RUS-0.1,RUS,0.1,0.6028907763373565,0.0,0.0,0.0,0.0,0.0,0.0,0.0,0.0,0.0,0.0,0.0,0.0,0.0,0.6028907763373565,1.0,0.752254346007251
OG-0.4,OG,0.4,0.7705260020861272,0.8774299210084839,0.0,0.0,0.0,0.5538461538461539,0.9411764705882353,0.6973365617433415,0.0,0.0,0.0,0.0,0.0,0.0,0.867847117253293,0.9933267424616905,0.9263570358418808
TL-0,TL,0,0.6028907763373565,0.0,0.0,0.0,0.0,0.0,0.0,0.0,0.0,0.0,0.0,0.0,0.0,0.0,0.6028907763373565,1.0,0.752254346007251
RUS_SMT-0.4,RUS_SMT,0.4,0.7653106839517211,0.9046761946267247,0.42843419788664744,0.8831683168316832,0.5769728331177232,0.6823266219239373,0.49836601307189543,0.5760151085930122,0.3418181818181818,0.21218961625282168,0.26183844011142066,0.2661290322580645,0.06693711967545639,0.10696920583468394,0.9031299977153301,0.977014335145823,0.9386204440223198
RUS_SMT-0.9,RUS_SMT,0.9,0.7721651020712264,0.9142630284149195,0.46892039258451473,0.8514851485148515,0.6047819971870604,0.6840490797546013,0.5465686274509803,0.6076294277929154,0.33544303797468356,0.23927765237020315,0.2793148880105402,0.2923728813559322,0.13995943204868155,0.18930041152263374,0.9165103189493433,0.9658922392486406,0.9405535499398315
TL_SMT-0.5,TL_SMT,0.5,0.7581582476531068,0.9025538921785582,0.4139834406623735,0.8910891089108911,0.5653266331658291,0.6535341830822712,0.46078431372549017,0.5404887398179206,0.3092369477911647,0.17381489841986456,0.22254335260115604,0.29545454545454547,0.05273833671399594,0.08950086058519795,0.8976039783001808,0.981463173504696,0.9376623376623376
TL-0.1,TL,0.1,0.6028907763373565,0.0,0.0,0.0,0.0,0.0,0.0,0.0,0.0,0.0,0.0,0.0,0.0,0.0,0.6028907763373565,1.0,0.752254346007251
OG-0.5,OG,0.5,0.7705260020861272,0.8778408834537534,0.0,0.0,0.0,0.5463966085727744,0.9477124183006536,0.693158051986854,0.0,0.0,0.0,0.0,0.0,0.0,0.8742371403661726,0.9913494809688581,0.9291174426685197
NCR_SMT-0.6,NCR_SMT,0.6,0.7733571747876621,0.9108394104494391,0.4708994708994709,0.8811881188118812,0.6137931034482759,0.6757607555089192,0.5261437908496732,0.5916398713826367,0.34098360655737703,0.23476297968397292,0.2780748663101604,0.3225806451612903,0.060851926977687626,0.10238907849829351,0.8985277463193658,0.9804745427582798,0.9377142181775204
NCR-0.7,NCR,0.7,0.7709730293547906,0.8800668678727218,0.0,0.0,0.0,0.5414160111059695,0.9558823529411765,0.691285081240768,0.0,0.0,0.0,0.0,0.0,0.0,0.88,0.9896193771626297,0.9315960912052117
OG-0.8,OG,0.8,0.7721651020712264,0.8861624097744946,1.0,0.0019801980198019802,0.003952569169960474,0.5490753911806543,0.946078431372549,0.6948694869486949,0.36,0.040632054176072234,0.07302231237322515,0.28,0.028397565922920892,0.05156537753222837,0.8866918462563874,0.986406327236777,0.9338949338949338
NCR-0,NCR,0,0.6028907763373565,0.0,0.0,0.0,0.0,0.0,0.0,0.0,0.0,0.0,0.0,0.0,0.0,0.0,0.6028907763373565,1.0,0.752254346007251
NCR_SMT-0.5,NCR_SMT,0.5,0.7577112203844435,0.902517622873263,0.41338221814848763,0.8930693069306931,0.5651629072681705,0.6508120649651972,0.4583333333333333,0.5378715244487057,0.31048387096774194,0.17381489841986456,0.2228654124457308,0.3020833333333333,0.058823529411764705,0.09847198641765705,0.8987313094698686,0.9804745427582798,0.9378250591016548
SMT-1,SMT,1,0.7767843838474147,0.9158157826237513,0.49875,0.7900990099009901,0.6114942528735633,0.702020202020202,0.5678104575163399,0.6278229448961156,0.3341288782816229,0.3160270880361174,0.3248259860788863,0.2901960784313726,0.15010141987829614,0.19786096256684493,0.919472568872145,0.9651507661888284,0.9417581092487639
TL_SMT-0.1,TL_SMT,0.1,0.6598122485471614,0.5176743427038412,0.5410764872521246,0.7564356435643564,0.6308835672997524,0.0,0.0,0.0,0.0,0.0,0.0,0.0,0.0,0.0,0.6737718567860117,1.0,0.8050940204954731
NCR_SMT-0.8,NCR_SMT,0.8,0.7700789748174639,0.9122217463760222,0.4621131270010672,0.8574257425742574,0.6005547850208044,0.6735966735966736,0.5294117647058824,0.5928636779505947,0.3300653594771242,0.22799097065462753,0.2696929238985314,0.29545454545454547,0.10547667342799188,0.15545590433482812,0.9085450346420323,0.972318339100346,0.9393505253104106
NCR-1,NCR,1,0.7922813291610789,0.9064259378785446,0.7174721189591078,0.3821782178217822,0.49870801033591733,0.6075663466967814,0.8790849673202614,0.7185308848080134,0.3828125,0.11060948081264109,0.17162872154115588,0.3014354066985646,0.12778904665314403,0.17948717948717952,0.9081679741578219,0.9728126544735541,0.9393794749403341
CNN-0.9,CNN,0.9,0.7699299657279094,0.9078625514746792,0.7078313253012049,0.46534653465346537,0.5615292712066906,0.61957796014068,0.863562091503268,0.7215017064846417,0.3368421052631579,0.14446952595936793,0.2022116903633491,0.23943661971830985,0.27586206896551724,0.2563619227144203,0.9386973180076629,0.9083044982698962,0.9232508478834318
NCR-0.3,NCR,0.3,0.7690359111905827,0.8723819395954027,0.0,0.0,0.0,0.5640259093173892,0.9248366013071896,0.7007118539151966,0.0,0.0,0.0,0.0,0.0,0.0,0.8565051020408163,0.9957983193277311,0.9209142857142857
SMT-0.6,SMT,0.6,0.7724631202503353,0.9095819488869222,0.46638655462184875,0.8792079207920792,0.6094715168153741,0.6750788643533123,0.5245098039215687,0.5903448275862069,0.3389261744966443,0.22799097065462753,0.2726045883940621,0.3157894736842105,0.0486815415821501,0.0843585237258348,0.8960306720793866,0.9819574888779041,0.9370283018867924
SMT-0.3,SMT,0.3,0.7568171658471167,0.888742883808891,0.4207207207207207,0.9247524752475248,0.578328173374613,0.6459054209919262,0.45751633986928103,0.5356288857006217,0.3717948717948718,0.0654627539503386,0.11132437619961612,0.0,0.0,0.0,0.8640463917525774,0.9943153732081068,0.9246150310273502
RUS_SMT-0.5,RUS_SMT,0.5,0.7700789748174639,0.9082024984157866,0.4523076923076923,0.8732673267326733,0.595945945945946,0.6766220391349125,0.5367647058823529,0.598633257403189,0.3384615384615385,0.1986455981941309,0.25035561877667134,0.2752808988764045,0.09939148073022312,0.14605067064083457,0.9089438409983822,0.9720711814137419,0.9394482264421353
RUS_SMT-0.3,RUS_SMT,0.3,0.7600953658173148,0.8961638750826884,0.41020966271649956,0.8910891089108911,0.5617977528089888,0.6554054054054054,0.47549019607843135,0.5511363636363635,0.33962264150943394,0.16252821670428894,0.2198473282442748,0.30434782608695654,0.014198782961460446,0.027131782945736434,0.8884435537742151,0.986159169550173,0.9347545976338292
NCR_SMT-0.1,NCR_SMT,0.1,0.6601102667262703,0.5213202656034066,0.5385694249649369,0.7603960396039604,0.6305418719211823,0.0,0.0,0.0,0.0,0.0,0.0,0.0,0.0,0.0,0.6745581860620207,1.0,0.8056551174830745
NCR-0.2,NCR,0.2,0.7662047384890478,0.8633222753266648,0.0,0.0,0.0,0.5857294994675186,0.8986928104575164,0.7092198581560285,0.0,0.0,0.0,0.0,0.0,0.0,0.8363335402441547,0.9990113692535838,0.9104628899650862
CNN-0.3,CNN,0.3,0.7539859931455819,0.9029837233876363,0.7016393442622951,0.42376237623762375,0.528395061728395,0.6102857142857143,0.8725490196078431,0.7182246133154001,0.3258426966292135,0.1309255079006772,0.18679549114331723,0.21522693997071743,0.29817444219066935,0.25,0.941501976284585,0.8830944142362828,0.9113633465119245
NCR_SMT-0,NCR_SMT,0,0.6028907763373565,0.0,0.0,0.0,0.0,0.0,0.0,0.0,0.0,0.0,0.0,0.0,0.0,0.0,0.6028907763373565,1.0,0.752254346007251
NCR-0.6,NCR,0.6,0.771420056623454,0.8810261898022561,0.0,0.0,0.0,0.5421686746987951,0.9558823529411765,0.6918982850384388,0.0,0.0,0.0,0.0,0.0,0.0,0.8800790687458818,0.9903608502224419,0.9319688335853006
NCR-0.5,NCR,0.5,0.7703769929965728,0.8779617247127636,0.0,0.0,0.0,0.5447726207219878,0.9493464052287581,0.6922847780756628,0.0,0.0,0.0,0.0,0.0,0.0,0.8754914809960681,0.990608007909046,0.9294990723562152
SMT-0.8,SMT,0.8,0.7708240202652362,0.9115262475451863,0.46186895810955964,0.8514851485148515,0.5988857938718664,0.6766220391349125,0.5367647058823529,0.598633257403189,0.3333333333333333,0.22573363431151242,0.269179004037685,0.2839506172839506,0.09330628803245436,0.14045801526717558,0.9063722107200368,0.9738012852199703,0.9388776361253426
TL-0.9,TL,0.9,0.775890329310088,0.8915862677662553,0.8636363636363636,0.03762376237623762,0.07210626185958253,0.5580943121050073,0.9379084967320261,0.6997866504114599,0.34408602150537637,0.07223476297968397,0.11940298507462686,0.3373493975903614,0.056795131845841784,0.09722222222222222,0.8931777378815081,0.9836875926841325,0.9362502940484592
OG-0.9,OG,0.9,0.7942184473252868,0.9036175718732515,0.7234848484848485,0.3782178217821782,0.4967490247074122,0.6070826306913997,0.8823529411764706,0.7192807192807192,0.37398373983739835,0.1038374717832957,0.1625441696113074,0.3252032520325203,0.08113590263691683,0.12987012987012986,0.8984622342831298,0.9819574888779041,0.9383561643835616
RUS_SMT-1,RUS_SMT,1,0.7732081656981076,0.9150523397422786,0.47444444444444445,0.8455445544554455,0.607829181494662,0.688508064516129,0.5580065359477124,0.6164259927797834,0.3322784810126582,0.23702031602708803,0.2766798418972332,0.2936802973977695,0.16024340770791076,0.20734908136482944,0.9199338686820973,0.962679189322788,0.9408212560386473
RUS_SMT-0.6,RUS_SMT,0.6,0.7696319475488005,0.9117579859484228,0.4587251828631139,0.8693069306930693,0.6005471956224351,0.6733615221987315,0.5204248366013072,0.5870967741935483,0.3366013071895425,0.2325056433408578,0.2750333778371162,0.2857142857142857,0.08924949290060852,0.13601236476043277,0.906623735050598,0.9742956005931784,0.9392423159399572
CNN-1,CNN,1,0.7706750111756817,0.9086715334012037,0.7147058823529412,0.48118811881188117,0.5751479289940827,0.6211764705882353,0.8627450980392157,0.7222982216142272,0.33157894736842103,0.14221218961625282,0.1990521327014218,0.2375886524822695,0.2718052738336714,0.2535477767265847,0.9384733214194536,0.9085516559565002,0.9232701243250031
SMT-0.9,SMT,0.9,0.7733571747876621,0.9126443392259809,0.4717607973421927,0.8435643564356435,0.6051136363636364,0.6858585858585858,0.5547385620915033,0.6133694670280035,0.3311897106109325,0.2325056433408578,0.2732095490716181,0.2849462365591398,0.1075050709939148,0.1561119293078056,0.9092802591992595,0.9710825506673257,0.9391657702880364
NCR-0.4,NCR,0.4,0.7703769929965728,0.8773486269377355,0.0,0.0,0.0,0.5469561113732893,0.9468954248366013,0.6933891714029315,0.0,0.0,0.0,0.0,0.0,0.0,0.8734756097560976,0.9913494809688581,0.9286871961102107
RUS-0.5,RUS,0.5,0.7836388019669199,0.8870904629220818,0.759493670886076,0.2376237623762376,0.36199095022624433,0.5662168915542228,0.9256535947712419,0.7026356589147286,0.0,0.0,0.0,0.0,0.0,0.0,0.8800527240773286,0.9901136925358379,0.9318446150267504
RUS_SMT-0.2,RUS_SMT,0.2,0.7644166294143943,0.8922876681966604,0.42719382835101255,0.8772277227722772,0.5745784695201038,0.6540084388185654,0.5065359477124183,0.570902394106814,0.3984375,0.11512415349887133,0.17863397548161122,0.0,0.0,0.0,0.8734232274902132,0.9925852694018784,0.9291994447015272
SMT-0,SMT,0,0.6028907763373565,0.0,0.0,0.0,0.0,0.0,0.0,0.0,0.0,0.0,0.0,0.0,0.0,0.0,0.6028907763373565,1.0,0.752254346007251
OG-1,OG,1,0.7951125018626136,0.904149597024241,0.7276119402985075,0.38613861386138615,0.5045278137128073,0.6091370558375635,0.8823529411764706,0.7207207207207207,0.38095238095238093,0.10835214446952596,0.1687170474516696,0.33070866141732286,0.08519269776876268,0.13548387096774195,0.8990264885669006,0.981463173504696,0.9384379061798417
RUS-0.3,RUS,0.3,0.767247802115929,0.8667536677012173,0.0,0.0,0.0,0.5761658031088083,0.9084967320261438,0.705136334812936,0.0,0.0,0.0,0.0,0.0,0.0,0.8443840200794813,0.9977755808205635,0.9146935538688115
RUS-0.6,RUS,0.6,0.7708240202652362,0.879750962293011,0.0,0.0,0.0,0.5415699024616814,0.9526143790849673,0.6905537459283387,0.0,0.0,0.0,0.0,0.0,0.0,0.8791136463361123,0.9903608502224419,0.9314272431427244
TL-1,TL,1,0.7934734018775146,0.9050417470730919,0.724907063197026,0.38613861386138615,0.503875968992248,0.6090395480225989,0.880718954248366,0.7201068804275216,0.373134328358209,0.11286681715575621,0.1733102253032929,0.2987012987012987,0.09330628803245436,0.14219474497681608,0.9023722627737226,0.9777558082056352,0.9385527876631079
TL_SMT-0.6,TL_SMT,0.6,0.773655192966771,0.9106592783344624,0.4704016913319239,0.8811881188118812,0.6133700895933839,0.6789473684210526,0.5269607843137255,0.5933762649494021,0.33986928104575165,0.23476297968397292,0.2777036048064086,0.3181818181818182,0.056795131845841784,0.09638554216867469,0.8979868807961999,0.9812160158180919,0.9377583559702373
TL_SMT-0.7,TL_SMT,0.7,0.771420056623454,0.9119764904721098,0.4667381974248927,0.8613861386138614,0.6054279749478079,0.6753112033195021,0.5318627450980392,0.5950639853747715,0.3366013071895425,0.2325056433408578,0.2750333778371162,0.28169014084507044,0.08113590263691683,0.12598425196850394,0.9040531257155943,0.9757785467128027,0.9385474860335196
CNN-0.5,CNN,0.5,0.7653106839517211,0.9068439172115511,0.70625,0.44752475247524753,0.5478787878787879,0.6170830912260313,0.8676470588235294,0.7212224108658745,0.3351063829787234,0.14221218961625282,0.19968304278922344,0.23051409618573798,0.281947261663286,0.2536496350364963,0.939932972415571,0.9011369253583786,0.9201261829652997
SMT-0.1,SMT,0.1,0.6542989122336462,0.4551123795685792,0.5867346938775511,0.6831683168316832,0.6312900274473926,0.0,0.0,0.0,0.0,0.0,0.0,0.0,0.0,0.0,0.660787195819043,1.0,0.7957517946700757
TL-0.2,TL,0.2,0.7662047384890478,0.8631669403755979,0.0,0.0,0.0,0.5866666666666667,0.8986928104575164,0.7099064214262665,0.0,0.0,0.0,0.0,0.0,0.0,0.835814722911497,0.9990113692535838,0.9101553704120692
CNN-0.1,CNN,0.1,0.7088362390105797,0.8892607870676482,0.7333333333333333,0.3485148514851485,0.47248322147651006,0.5940379403794038,0.8954248366013072,0.7142391658520691,0.3129251700680272,0.1038374717832957,0.1559322033898305,0.16843118383060635,0.35496957403651114,0.22845953002610964,0.9488372093023256,0.8067226890756303,0.8720277851990382
RUS-0.8,RUS,0.8,0.7727611384294442,0.8874376704072466,0.0,0.0,0.0,0.5472143531633616,0.9468954248366013,0.6935966487133453,0.36363636363636365,0.045146726862302484,0.08032128514056225,0.32786885245901637,0.04056795131845842,0.07220216606498195,0.890551708733527,0.9854176964903608,0.9355860612460402
RUS-0.2,RUS,0.2,0.7690359111905827,0.8724218291420023,0.0,0.0,0.0,0.570632911392405,0.920751633986928,0.7045951859956237,0.0,0.0,0.0,0.0,0.0,0.0,0.8517736486486487,0.9970341077607514,0.9186973354588933
RUS_SMT-0,RUS_SMT,0,0.62136790344211,0.15700686716653034,0.7425149700598802,0.24554455445544554,0.369047619047619,0.0,0.0,0.0,0.0,0.0,0.0,0.0,0.0,0.0,0.6182762836185819,1.0,0.7641170915958452
TL-0.3,TL,0.3,0.7682908657428104,0.8702013614233797,0.0,0.0,0.0,0.5659617321248741,0.9183006535947712,0.7003115264797508,0.0,0.0,0.0,0.0,0.0,0.0,0.8533333333333334,0.9965397923875432,0.9193934557063049
NCR-0.9,NCR,0.9,0.7916852928028609,0.9059256620163343,0.7186311787072244,0.37425742574257426,0.4921875,0.6065205171444632,0.8815359477124183,0.7186147186147186,0.37398373983739835,0.1038374717832957,0.1625441696113074,0.2995169082125604,0.1257606490872211,0.17714285714285716,0.9073519244065453,0.9730598121601581,0.9390578413834227
RUS_SMT-0.1,RUS_SMT,0.1,0.7426613023394427,0.8446115185813227,0.42198233562315995,0.8514851485148515,0.5643044619422573,0.7230113636363636,0.4158496732026144,0.5280082987551868,0.0,0.0,0.0,0.0,0.0,0.0,0.8109462710505213,0.9997528423133959,0.895505866725703
NCR_SMT-0.7,NCR_SMT,0.7,0.7721651020712264,0.9131544367594044,0.4715359828141783,0.8693069306930693,0.6114206128133705,0.6752843846949328,0.5334967320261438,0.596074851665906,0.33876221498371334,0.23476297968397292,0.2773333333333334,0.2733333333333333,0.08316430020283976,0.1275272161741835,0.9056473829201102,0.9750370736529906,0.9390621280647465
SMT-0.2,SMT,0.2,0.7529429295187007,0.8753057751475934,0.41574074074074074,0.8891089108910891,0.5665615141955836,0.6864406779661016,0.4632352941176471,0.553170731707317,0.0,0.0,0.0,0.0,0.0,0.0,0.8401664932362123,0.9977755808205635,0.9122133092305954
NCR_SMT-0.3,NCR_SMT,0.3,0.7560721203993443,0.8887158077439863,0.41771019677996424,0.9247524752475248,0.5754775107825015,0.640877598152425,0.4534313725490196,0.5311004784688995,0.37362637362637363,0.07674943566591422,0.12734082397003746,0.0,0.0,0.0,0.866695427092321,0.9930795847750865,0.9255931812946325
TL_SMT-0,TL_SMT,0,0.6028907763373565,0.0,0.0,0.0,0.0,0.0,0.0,0.0,0.0,0.0,0.0,0.0,0.0,0.0,0.6028907763373565,1.0,0.752254346007251
